source,target,sha,status
results/c3_source_scale_1M.csv,D:\memorytable\cassandra-kg-memory\01_data\c3_source_scale_1M.csv,e28b1e82766819469936646a408102555d0a24f950b6be659889f5948521e5ea,moved
results/locomo_memory_records.csv,D:\memorytable\cassandra-kg-memory\01_data\locomo_memory_records.csv,d489945b10699718b1cb023fbd02f11ba92899050c3cdd41ff5566d0ae797af3,moved
results/locomo_qa_records.csv,D:\memorytable\cassandra-kg-memory\01_data\locomo_qa_records.csv,048b9bfc779a5f033223b9c0a764a1ef95ba2900c473dad753b59b5f8323fdc3,moved
results/locomo_evidence_map.csv,D:\memorytable\cassandra-kg-memory\01_data\locomo_evidence_map.csv,0adf3917279e37f1d8e4048c63f4d94a757f9902703c05e19fa5bbe8d34256a9,moved
results/locomo_memory_ids_bge.txt,D:\memorytable\cassandra-kg-memory\01_data\locomo_memory_ids_bge.txt,3f488f951a78dd3832577bbeb4114eca88ae3ad21cfd1ed70c4d5051926eb344,moved
results/locomo_qa_ids_bge.txt,D:\memorytable\cassandra-kg-memory\01_data\locomo_qa_ids_bge.txt,d8734364ae41d24f407d7b3f888bf94ee4b89c368700b08cb5fade7c2c71c74f,moved
results/locomo_memory_bge_large.npy,D:\memorytable\cassandra-kg-memory\01_data\locomo_memory_bge_large.npy,9cb5a18de1cf63b4a8eb6dc7c4399718c0de7f0bfd0218be61b377ed4a19c118,moved
results/locomo_qa_bge_large.npy,D:\memorytable\cassandra-kg-memory\01_data\locomo_qa_bge_large.npy,9d74a961cebdccecfecd473c41636bce135ad2e6a510fc1262c8db4f29ce1e9e,moved
scripts/experiments/artifacts/p3_memory_features.csv,D:\memorytable\cassandra-kg-memory\02_artifacts\p3_memory_features.csv,7ce04f8015e60b22125b1e3589aa37a77c8af843f9b1c639be30f18ef8488144,moved
reports\p5_minimal_core\artifacts\frozen_event_manifest.json,D:\memorytable\cassandra-kg-memory\02_artifacts\frozen_event_manifest.json,632ee249893c15ff1b41cc6da56a9ba53d4ad738ee9e1b64503fa7f305afe78f,moved
reports\p5_minimal_core\artifacts\frozen_update_events.jsonl,D:\memorytable\cassandra-kg-memory\02_artifacts\frozen_update_events.jsonl,829974fea87dd97147cd661f59d667f95957e0f5a18dcd613346f455fe720a20,moved
reports\p5_minimal_core\artifacts\p5_2_hot_events.jsonl,D:\memorytable\cassandra-kg-memory\02_artifacts\p5_2_hot_events.jsonl,3376f20be318d28dc1f5f3c183ba2ff3fb519a9ed64598b44fe887a908fbf645,moved
reports\p5_minimal_core\artifacts\p5_2_uniform_events.jsonl,D:\memorytable\cassandra-kg-memory\02_artifacts\p5_2_uniform_events.jsonl,6ee0a8b6c1872f39857c3a1aded2328f2c6247ecde45d38284e1d1321cac4cb8,moved
reports\p5_minimal_core\artifacts\p5_3a_smoke_events.jsonl,D:\memorytable\cassandra-kg-memory\02_artifacts\p5_3a_smoke_events.jsonl,b43c6808938a1cb65f959c6da8201190c62325de3e28f0d6a6d8bc58a27ed00e,moved
reports\p5_minimal_core\artifacts\p5_3b_burst_events.jsonl,D:\memorytable\cassandra-kg-memory\02_artifacts\p5_3b_burst_events.jsonl,f772c1a8126cc6691c04d1064dabce27a77f0be818d36ad64a07eebd9ab8ef3c,moved
reports\p5_minimal_core\artifacts\p5_3c_restart_events.jsonl,D:\memorytable\cassandra-kg-memory\02_artifacts\p5_3c_restart_events.jsonl,8abaa03f4317d7d5c32b87f6b6f00149495441dbb81b91f8cf5f57ff39c21c67,moved
artifacts\p5\p5_3c_event_manifest.json,D:\memorytable\cassandra-kg-memory\02_artifacts\p5_3c_event_manifest.json,8aa8581584d9054fd45f43ab2c9b4c36e2b8b27db780d1184ef0c98360f686d7,moved
artifacts\p5\p5_3c_restart_events.jsonl,D:\memorytable\cassandra-kg-memory\02_artifacts\p5_3c_restart_events_17.jsonl,c5401b851eb247f8374eb07e2396d36082c931fbbfc72f66469a64435d436f61,moved
artifacts\p5\p5_3c_restart_events_smoke.jsonl,D:\memorytable\cassandra-kg-memory\02_artifacts\p5_3c_restart_events_smoke.jsonl,5b50e1e2ca8c8ddbc128f13a1113e07595137057505cfc0c9d0213ecca56f010,moved
scripts\memory\compact_16_factorial_ablation.py,D:\memorytable\cassandra-kg-memory\03_src\memory\compact_16_factorial_ablation.py,7cfea13c4a57b2f268320b66291513e6bd43bc03ce882eefd437b2c5cd9dadae,moved
scripts\memory\compact_16_factorial_ablation_v6.py,D:\memorytable\cassandra-kg-memory\03_src\memory\compact_16_factorial_ablation_v6.py,21bbd59fb8a3a5b2e632b38927f78ddbe5507165a5942da65eb1b1e57f208574,moved
scripts\memory\erk_vs_erkt_reader_heldout.py,D:\memorytable\cassandra-kg-memory\03_src\memory\erk_vs_erkt_reader_heldout.py,6e8d92448ed35beae895421cee5fb25bb80251851c90041a92ace0c0d1cd865a,moved
scripts\memory\erk_vs_erkt_validation.py,D:\memorytable\cassandra-kg-memory\03_src\memory\erk_vs_erkt_validation.py,796fb7bac8c01eb2ef7643991c8011b4c3643ac423df156c4c83efd2c49e0ae0,moved
scripts\memory\fusion_alignment_audit.py,D:\memorytable\cassandra-kg-memory\03_src\memory\fusion_alignment_audit.py,96d8ae23989860ec5fcf75300ab8e7ebaa2b9d1b54c027f49695aa9333ca432c,moved
scripts\memory\locomo_reader_evidence_pilot.py,D:\memorytable\cassandra-kg-memory\03_src\memory\locomo_reader_evidence_pilot.py,8078118d0fa69480db0d14b1bdd27fbbd111af67c07e85613fddf1e477d6ae11,moved
scripts\memory\locomo_retrieval_audit_baseline.py,D:\memorytable\cassandra-kg-memory\03_src\memory\locomo_retrieval_audit_baseline.py,e14786e29a0fd032aecbe76c790a182df821fa8f95015f00caf1a2df726ff3a8,moved
scripts\memory\locomo_retrieval_final_validation.py,D:\memorytable\cassandra-kg-memory\03_src\memory\locomo_retrieval_final_validation.py,5392ba3b50338465f00b29620c7f303034d76497b3824fcce9db8be3c27f4d4c,moved
scripts\memory\locomo_retrieval_hybrid_kg_attribution.py,D:\memorytable\cassandra-kg-memory\03_src\memory\locomo_retrieval_hybrid_kg_attribution.py,d60030c22c7bd30e4509a664d38f659dfb2eebcf0a44f20f67168d9809dc3ecf,moved
scripts\memory\locomo_retrieval_kg_native.py,D:\memorytable\cassandra-kg-memory\03_src\memory\locomo_retrieval_kg_native.py,ddee05211854722a47dc4b44aa12f85d94b847a5328d32136e3e1d374a0ebe87,moved
scripts\memory\locomo_retrieval_new_directions.py,D:\memorytable\cassandra-kg-memory\03_src\memory\locomo_retrieval_new_directions.py,4f68eb7b5c642303fae1208be0bee2da575dc218321efa56b6f4153afb1a7d6d,moved
scripts\memory\locomo_rrf_legacy_alignment.py,D:\memorytable\cassandra-kg-memory\03_src\memory\locomo_rrf_legacy_alignment.py,0cb075bd0e57c63305a4dfac1b6bd63bcbb5046152691983598f346c4552476e,moved
scripts\memory\p2_fusion_final_v4.py,D:\memorytable\cassandra-kg-memory\03_src\memory\p2_fusion_final_v4.py,79bea119dfc1f0e696b880c400bc90f117e9b903da9ad88f015d7f2479c7a94c,moved
scripts\memory\p2_fusion_final_validation.py,D:\memorytable\cassandra-kg-memory\03_src\memory\p2_fusion_final_validation.py,cd18d336460c2762c10a0fc38d2c3918f46e0b6d2ba6a874c263c999d56a3e45,moved
scripts\memory\p2_fusion_reader_final.py,D:\memorytable\cassandra-kg-memory\03_src\memory\p2_fusion_reader_final.py,34f10db8ad6915c3d6e8621866a142a05fad5da7eb5079b75547d462eaf1db53,moved
scripts\memory\__pycache__\fix_reader_rendering.py,D:\memorytable\cassandra-kg-memory\03_src\memory\__pycache__\fix_reader_rendering.py,752fd72136f8d0d926ce11d3c83d8b528c720e9103ef7b8c5a86f4c149ac0ead,moved
scripts\memory\__pycache__\legacy_evaluator_adapter.example.py,D:\memorytable\cassandra-kg-memory\03_src\memory\__pycache__\legacy_evaluator_adapter.example.py,05826fa7779a345299887e37a4a4f5ee098d7b9676b483b23b21282a39c8b630,moved
scripts\memory\__pycache__\legacy_evaluator_adapter.py,D:\memorytable\cassandra-kg-memory\03_src\memory\__pycache__\legacy_evaluator_adapter.py,caefd31bad23758a7e28584ea7825110b70b1ecbe1c83a7f09f928da312dda07,moved
scripts\memory\__pycache__\prepare_p2_inputs.py,D:\memorytable\cassandra-kg-memory\03_src\memory\__pycache__\prepare_p2_inputs.py,e6d8b9f5930212d1f30f8a9ff5a7810ed7d6e3c88a0a2f845951a17dcadc5d3b,moved
scripts\memory\__pycache__\run_p2_fusion_reader.py,D:\memorytable\cassandra-kg-memory\03_src\memory\__pycache__\run_p2_fusion_reader.py,3e64969752d7ac8dcc786db041d35583aff7fa9577b708d7a7fca7e9c1b41a7e,moved
scripts\memory\sysaxis\1m_concurrency\concurrency_cold_sweep.py,D:\memorytable\cassandra-kg-memory\03_src\memory\sysaxis\1m_concurrency\concurrency_cold_sweep.py,ca3fe4d3244fc0ef5c90e2cfedc1ed99f1ee92214e921e329f0b9b9b10bc9fa5,moved
scripts\memory\sysaxis\1m_concurrency\concurrency_sweep.py,D:\memorytable\cassandra-kg-memory\03_src\memory\sysaxis\1m_concurrency\concurrency_sweep.py,94cebd64b02b15e3637dda3ff4a34fa1b457bdce47b73ea19210240304657ca9,moved
scripts\memory\sysaxis\1m_concurrency\concurrency_warm_sweep.py,D:\memorytable\cassandra-kg-memory\03_src\memory\sysaxis\1m_concurrency\concurrency_warm_sweep.py,2d6005ee7a6644bf3e72907c95c1126386a7e8f9841027e6bc5b08955ec15a66,moved
scripts\memory\sysaxis\1m_concurrency\finalize.py,D:\memorytable\cassandra-kg-memory\03_src\memory\sysaxis\1m_concurrency\finalize.py,0f07a2412aa3a22562ec022077bd940efe9305f8d46e72a7a85de4205962f8a0,moved
scripts\memory\sysaxis\1m_concurrency\quick_gate.py,D:\memorytable\cassandra-kg-memory\03_src\memory\sysaxis\1m_concurrency\quick_gate.py,9f20d55cfd211e4aac97f0d119696e45f83c91131bc48cf5e68452ac9ec9f1ff,moved
scripts\memory\sysaxis\1m_concurrency\resume_warm.py,D:\memorytable\cassandra-kg-memory\03_src\memory\sysaxis\1m_concurrency\resume_warm.py,b9499e2365936e2c1aca9988ed9bd2f0f5d779b1e604919fff867f494e4f52fa,moved
scripts\memory\sysaxis\1m_hop_depth\hop_cold_sweep.py,D:\memorytable\cassandra-kg-memory\03_src\memory\sysaxis\1m_hop_depth\hop_cold_sweep.py,cc5f878e7f1ebf6db903d00327ff47920600628d461b969f9c7e8d87c4072ea8,moved
scripts\memory\sysaxis\1m_hop_depth\hop_depth_preflight.py,D:\memorytable\cassandra-kg-memory\03_src\memory\sysaxis\1m_hop_depth\hop_depth_preflight.py,80277974436a517c0af7d27ae43056210659c58322c68e5f082fb08a7014dbc1,moved
scripts\memory\sysaxis\1m_hop_depth\hop_smoke.py,D:\memorytable\cassandra-kg-memory\03_src\memory\sysaxis\1m_hop_depth\hop_smoke.py,ae6458c3be9f05577206d7ab71e40dd30e2f59aab09c81843356d2801ed2da95,moved
scripts\memory\sysaxis\1m_hop_depth\hop_warm_sweep.py,D:\memorytable\cassandra-kg-memory\03_src\memory\sysaxis\1m_hop_depth\hop_warm_sweep.py,f68dcd8f68b73cf42ca4e08d38fc3ae9ec9485e881fd32e1b4f21ae38af3da72,moved
scripts\memory\sysaxis\1m_hop_depth\semantic_gates.py,D:\memorytable\cassandra-kg-memory\03_src\memory\sysaxis\1m_hop_depth\semantic_gates.py,1d6727a406d4a0c17d7131eb2e655c7ad19320bbe776c48ed436979e1c87e8d7,moved
scripts\memory\sysaxis\1m_write_ratio\neo4j_scale_import.py,D:\memorytable\cassandra-kg-memory\03_src\memory\sysaxis\1m_write_ratio\neo4j_scale_import.py,96d0b5b15482cf4b89dd74c2f33f834a3aed35ef897df3779072de5a541d78df,moved
scripts\memory\sysaxis\1m_write_ratio\sysaxis_cold_sweep.py,D:\memorytable\cassandra-kg-memory\03_src\memory\sysaxis\1m_write_ratio\sysaxis_cold_sweep.py,7c6c268bd50bd1f017fdf440eb4dc36b1b05fc13a1d35cfdaba441a062fc6b33,moved
scripts\memory\sysaxis\1m_write_ratio\sysaxis_smoke.py,D:\memorytable\cassandra-kg-memory\03_src\memory\sysaxis\1m_write_ratio\sysaxis_smoke.py,6027b330e59fe4dfa516085219ed9fe8a82788702e41e2f925cf789830bf8ed3,moved
scripts\memory\sysaxis\1m_write_ratio\sysaxis_warm_sweep.py,D:\memorytable\cassandra-kg-memory\03_src\memory\sysaxis\1m_write_ratio\sysaxis_warm_sweep.py,c8f7c8b74d8c1ea5aef981240cc87a956478688b77fd1b25c4b7e5017f985ece,moved
scripts\memory\sysaxis\scale_sweep\generate_sysaxis_final.py,D:\memorytable\cassandra-kg-memory\03_src\memory\sysaxis\scale_sweep\generate_sysaxis_final.py,f4c0a718005f250d8b9f86609da650418807bd7aa260f76fe7397268cc6c57eb,moved
scripts\memory\sysaxis\scale_sweep\gen_cat_xlsx.py,D:\memorytable\cassandra-kg-memory\03_src\memory\sysaxis\scale_sweep\gen_cat_xlsx.py,1640be3f94867ed00d03662649960ef5794c89a77cf0c3fc3838934d67ad7bbb,moved
scripts\memory\sysaxis\scale_sweep\graph_discovery.py,D:\memorytable\cassandra-kg-memory\03_src\memory\sysaxis\scale_sweep\graph_discovery.py,e5f15db26568bbc30facd38b45ae57ff9b3b82ec83150865afbaf017cea1f6f8,moved
scripts\memory\sysaxis\scale_sweep\graph_integrity_check.py,D:\memorytable\cassandra-kg-memory\03_src\memory\sysaxis\scale_sweep\graph_integrity_check.py,dada7ab565bb8edfcb54a91ab94a80e087fa62635ab6312e2ad2ff8ff0a13e66,moved
scripts\memory\sysaxis\scale_sweep\scale_100k_legacy_clean.py,D:\memorytable\cassandra-kg-memory\03_src\memory\sysaxis\scale_sweep\scale_100k_legacy_clean.py,3818aaccb0d92b8dae584923d09ce516e6065d473a2b0cad7b7ce7e893a3cc8e,moved
scripts\memory\sysaxis\scale_sweep\scale_100k_legacy_clean_fixed.py,D:\memorytable\cassandra-kg-memory\03_src\memory\sysaxis\scale_sweep\scale_100k_legacy_clean_fixed.py,0b34675e93dc21b81c93d41f0a1dddedfc61551aac68457e93228cfcf1ffbc13,moved
scripts\memory\sysaxis\scale_sweep\table_inventory.py,D:\memorytable\cassandra-kg-memory\03_src\memory\sysaxis\scale_sweep\table_inventory.py,e9a941803bb558587868f7f7bdc5a029c1124cdb5349ea4cc3a1d97d7d2a2b9a,moved
scripts\memory\locomo_pipeline\audit\analysis_sample_scoped.py,D:\memorytable\cassandra-kg-memory\03_src\memory\locomo_pipeline\audit\analysis_sample_scoped.py,f727fee0832b8e76a402b9c8177efd4d4d670894d31e87b6e96b645594079b5b,moved
scripts\memory\locomo_pipeline\audit\audit_cassandra_kg_equivalence.py,D:\memorytable\cassandra-kg-memory\03_src\memory\locomo_pipeline\audit\audit_cassandra_kg_equivalence.py,a6149b7fa5083d6fb554d12143bd7c240d4cce9499cb51a84df2b078c6e37070,moved
scripts\memory\locomo_pipeline\audit\audit_dense_kg_rescue.py,D:\memorytable\cassandra-kg-memory\03_src\memory\locomo_pipeline\audit\audit_dense_kg_rescue.py,289c988a6802b4788c2626cf0d818170756c3a70e7daa87a2435feb4f1ac2795,moved
scripts\memory\locomo_pipeline\audit\audit_e2_backend_fair.py,D:\memorytable\cassandra-kg-memory\03_src\memory\locomo_pipeline\audit\audit_e2_backend_fair.py,b16efbd43b18a9244ae7e9d75ab4ff260055bfee08e71f8723d7f3976118ded9,moved
scripts\memory\locomo_pipeline\audit\audit_kg_boost_top10.py,D:\memorytable\cassandra-kg-memory\03_src\memory\locomo_pipeline\audit\audit_kg_boost_top10.py,a7a4286674af4ce0f28c0dfd3cdbcaf1d997e79724ae49da6a9225034ee82c9f,moved
scripts\memory\locomo_pipeline\audit\retrieval_scope_audit.py,D:\memorytable\cassandra-kg-memory\03_src\memory\locomo_pipeline\audit\retrieval_scope_audit.py,b1257bf295e5b1d222de765f81fdc8fb88fcd7f22c8e1578f33ae8bc66aa2568,moved
scripts\memory\locomo_pipeline\extraction\inspect_locomo.py,D:\memorytable\cassandra-kg-memory\03_src\memory\locomo_pipeline\extraction\inspect_locomo.py,c94a75043c12dd00e9c48469810cf7d9b790da50e281cd30520abfd7068a87b2,moved
scripts\memory\locomo_pipeline\extraction\inspect_locomo_categories.py,D:\memorytable\cassandra-kg-memory\03_src\memory\locomo_pipeline\extraction\inspect_locomo_categories.py,f3b144958e1441e174fa096a8bada9c76949c18f3fac3e8eb69f42936838a296,moved
scripts\memory\locomo_pipeline\extraction\inspect_locomo_conversation.py,D:\memorytable\cassandra-kg-memory\03_src\memory\locomo_pipeline\extraction\inspect_locomo_conversation.py,882ae3675cbd73eba10506f575ffdafdd66d2102f7e286081a0386e53054ac02,moved
scripts\memory\locomo_pipeline\extraction\locomo_cassandra_import.py,D:\memorytable\cassandra-kg-memory\03_src\memory\locomo_pipeline\extraction\locomo_cassandra_import.py,15498056a5271a609b683fd784db926f6a47c445927057593530b5f0e366ddc7,moved
scripts\memory\locomo_pipeline\extraction\locomo_neo4j_import.py,D:\memorytable\cassandra-kg-memory\03_src\memory\locomo_pipeline\extraction\locomo_neo4j_import.py,6cb5fc7997b5cce601cb9c816e6ca68f5dff7f660b6f7024fe65cd6070dfcaac,moved
scripts\memory\locomo_pipeline\extraction\locomo_to_memory_records.py,D:\memorytable\cassandra-kg-memory\03_src\memory\locomo_pipeline\extraction\locomo_to_memory_records.py,bbb699aabf41804c36b71747639b8882a4ba7a7f26da7eefd25d5b395212f44b,moved
scripts\memory\locomo_pipeline\extraction\observation_to_kg_spacy.py,D:\memorytable\cassandra-kg-memory\03_src\memory\locomo_pipeline\extraction\observation_to_kg_spacy.py,5c1c437cc7c0a47cca0995ddd0a424db5a7895575c411aff7c899147fb3a86fe,moved
scripts\memory\locomo_pipeline\reader_eval\final_results_summary.py,D:\memorytable\cassandra-kg-memory\03_src\memory\locomo_pipeline\reader_eval\final_results_summary.py,da2d8a14219a665048794b61756ba7019f922160e6e0c7c846c355ec891aa549,moved
scripts\memory\locomo_pipeline\reader_eval\locomo_llm_reader_full_v3.py,D:\memorytable\cassandra-kg-memory\03_src\memory\locomo_pipeline\reader_eval\locomo_llm_reader_full_v3.py,8ee0a9f5e48481dc0424a93848bff86fcdb65abc0c137e09f78499b4f3e708bf,moved
scripts\memory\locomo_pipeline\reader_eval\reader_f1_memory_only_v2.py,D:\memorytable\cassandra-kg-memory\03_src\memory\locomo_pipeline\reader_eval\reader_f1_memory_only_v2.py,9d8803bea430651aa4eec2d10e269e9b0480313794fdc58d8923197252fd3c9f,moved
scripts\memory\locomo_pipeline\retrieval\encode_bge_large_api.py,D:\memorytable\cassandra-kg-memory\03_src\memory\locomo_pipeline\retrieval\encode_bge_large_api.py,ae7e794035aab22f8f55a5436f9bf6cae6a6dbfa519cd82db0316f7456bc0acc,moved
scripts\memory\locomo_pipeline\retrieval\locomo_cassandra_retrieval.py,D:\memorytable\cassandra-kg-memory\03_src\memory\locomo_pipeline\retrieval\locomo_cassandra_retrieval.py,8f82c8d036cf1bc7ef70ff8dc5b88f7de1429dc9ded400393523678bec0ff4f6,moved
scripts\memory\locomo_pipeline\retrieval\locomo_neo4j_retrieval.py,D:\memorytable\cassandra-kg-memory\03_src\memory\locomo_pipeline\retrieval\locomo_neo4j_retrieval.py,2e4ff9322a25c96add38b4fb679af40850331794741df4b068ce793b0d4f34ce,moved
scripts\memory\locomo_pipeline\retrieval\locomo_retrieval_benchmark.py,D:\memorytable\cassandra-kg-memory\03_src\memory\locomo_pipeline\retrieval\locomo_retrieval_benchmark.py,d95fe9b8ca551d08ca704cd0c5a0326df673ab5ed83625799002b98d5fd187b6,moved
scripts\memory\locomo_pipeline\retrieval\locomo_retrieval_bm25.py,D:\memorytable\cassandra-kg-memory\03_src\memory\locomo_pipeline\retrieval\locomo_retrieval_bm25.py,df0b83a0d90d7ca07b42e0ddc3a6e9b130b7f2f51206689ed47e90660fd974a6,moved
scripts\memory\locomo_pipeline\retrieval\locomo_retrieval_dense_bge.py,D:\memorytable\cassandra-kg-memory\03_src\memory\locomo_pipeline\retrieval\locomo_retrieval_dense_bge.py,57ae9f40870f18cdbe8df155bc2ef4b53ea653b3d834f78d7b81c56c16bf7967,moved
scripts\memory\locomo_pipeline\retrieval\locomo_retrieval_dense_bge_query_kg_rerank.py,D:\memorytable\cassandra-kg-memory\03_src\memory\locomo_pipeline\retrieval\locomo_retrieval_dense_bge_query_kg_rerank.py,30be7350de2ef7bf7637558e2f17f92162c5bfd6dab7cbdae6eae715b4e07a3b,moved
scripts\memory\locomo_pipeline\retrieval\locomo_retrieval_dense_kg_boost.py,D:\memorytable\cassandra-kg-memory\03_src\memory\locomo_pipeline\retrieval\locomo_retrieval_dense_kg_boost.py,afbe00d4444a8ef561bf3488c41e7c091fb52f6a5affeb0cfb1ce9ea560b9635,moved
scripts\memory\locomo_pipeline\retrieval\locomo_retrieval_sample_scoped.py,D:\memorytable\cassandra-kg-memory\03_src\memory\locomo_pipeline\retrieval\locomo_retrieval_sample_scoped.py,1a7a26fa21e8c4054c93f8773ff0ab40d1270429b3a17ecf19f3a062b5b017fe,moved
scripts\memory\locomo_pipeline\retrieval\locomo_retrieval_tfidf.py,D:\memorytable\cassandra-kg-memory\03_src\memory\locomo_pipeline\retrieval\locomo_retrieval_tfidf.py,72435a4374ac442ee42b96201f4eae93c4c620b4b66ab89df9d2600259b20b28,moved
scripts\memory\cassandra_kg_backend\ablation\benchmark_cassandra_internal_ablation.py,D:\memorytable\cassandra-kg-memory\03_src\memory\cassandra_kg_backend\ablation\benchmark_cassandra_internal_ablation.py,56863c415467b2049118a209c95f52ebb69df4dbd0340cb7b919e0a84cc678dc,moved
scripts\memory\cassandra_kg_backend\correctness\c0_cassandra_vs_neo4j.py,D:\memorytable\cassandra-kg-memory\03_src\memory\cassandra_kg_backend\correctness\c0_cassandra_vs_neo4j.py,c43586ce5687a871433b19c14797a8636e7760ec8dcb776bd0f4db5cf9ad01c5,moved
scripts\memory\cassandra_kg_backend\correctness\c0_naive_vs_parallel.py,D:\memorytable\cassandra-kg-memory\03_src\memory\cassandra_kg_backend\correctness\c0_naive_vs_parallel.py,acfa201d19900fcb50941eb8528ba57044bd86306958f10b8c2bc9080930d8f4,moved
scripts\memory\cassandra_kg_backend\correctness\c0_naive_vs_parallel_cache.py,D:\memorytable\cassandra-kg-memory\03_src\memory\cassandra_kg_backend\correctness\c0_naive_vs_parallel_cache.py,301bc06caa6eb24794abc3336b0a3c19b81fd5c49972f61249ec3d2b72567d7f,moved
scripts\memory\cassandra_kg_backend\correctness\c0_naive_vs_parallel_index.py,D:\memorytable\cassandra-kg-memory\03_src\memory\cassandra_kg_backend\correctness\c0_naive_vs_parallel_index.py,494711aa858aaacf153d3b627e1b78e110a2e83e0e6e2284301b4e91b319fe97,moved
scripts\memory\cassandra_kg_backend\latency\benchmark_cassandra_kg_latency.py,D:\memorytable\cassandra-kg-memory\03_src\memory\cassandra_kg_backend\latency\benchmark_cassandra_kg_latency.py,7543d8f35c5ffafe6e163ed8e737bdd83762ec2dc8417b878bcf05dc4fba48cb,moved
scripts\memory\cassandra_kg_backend\latency\locomo_latency_benchmark.py,D:\memorytable\cassandra-kg-memory\03_src\memory\cassandra_kg_backend\latency\locomo_latency_benchmark.py,0cb64bc2dc9e637734ef8ae481d1eda074ef4a7ec9f28a2b5a4fb84616698b1a,moved
scripts\memory\cassandra_kg_backend\recovery\recover_by_src_safe.py,D:\memorytable\cassandra-kg-memory\03_src\memory\cassandra_kg_backend\recovery\recover_by_src_safe.py,b043ecdf1d1ca00d35aa5cc8c14af9e46ac872010ce3ac88a82e6b49db09b7f3,moved
scripts\memory\cassandra_kg_backend\correctness\c0bench\canonical.py,D:\memorytable\cassandra-kg-memory\03_src\memory\cassandra_kg_backend\correctness\c0bench\canonical.py,1ece85f45f9fa05dbc89280d36061236fb3a8d62d3187ab57eb2228ab3d59dde,moved
scripts\memory\cassandra_kg_backend\correctness\c0bench\cli.py,D:\memorytable\cassandra-kg-memory\03_src\memory\cassandra_kg_backend\correctness\c0bench\cli.py,a617f7dfb32655205110ecbd99bf84d5f34e1ab530093526a8959c05ffa43cda,moved
scripts\memory\cassandra_kg_backend\correctness\c0bench\manifest.py,D:\memorytable\cassandra-kg-memory\03_src\memory\cassandra_kg_backend\correctness\c0bench\manifest.py,59749a331cd8ebc48c12cadb942fed3927d4fe417178899c5d8f0dff843a8177,moved
scripts\memory\cassandra_kg_backend\correctness\c0bench\models.py,D:\memorytable\cassandra-kg-memory\03_src\memory\cassandra_kg_backend\correctness\c0bench\models.py,cfdbf0a4cc170d036b335914be33ac1291633455486db2fe47b86571900bc629,moved
scripts\memory\cassandra_kg_backend\correctness\c0bench\runner.py,D:\memorytable\cassandra-kg-memory\03_src\memory\cassandra_kg_backend\correctness\c0bench\runner.py,068b6caa4640f437c8fcb450e77ecdb53a5549d03288a6a5e8827cc2bd736f17,moved
scripts\memory\cassandra_kg_backend\correctness\c0bench\semantics.py,D:\memorytable\cassandra-kg-memory\03_src\memory\cassandra_kg_backend\correctness\c0bench\semantics.py,8d81f191ad39a973f22f3805c3736250e2336ae2f358a6ab066d891ffd960718,moved
scripts\memory\cassandra_kg_backend\correctness\c0bench\validation.py,D:\memorytable\cassandra-kg-memory\03_src\memory\cassandra_kg_backend\correctness\c0bench\validation.py,b6d99750c1c3a0866d401e07af47db7d91aca90995cea2486609bd4464543151,moved
scripts\memory\cassandra_kg_backend\correctness\c0bench\__init__.py,D:\memorytable\cassandra-kg-memory\03_src\memory\cassandra_kg_backend\correctness\c0bench\__init__.py,7ad23a100383d67fa0a05592866e0196fde47b2e8c62beeccc9355d2f2effaae,moved
scripts\memory\cassandra_kg_backend\correctness\c0bench\__main__.py,D:\memorytable\cassandra-kg-memory\03_src\memory\cassandra_kg_backend\correctness\c0bench\__main__.py,3129adff95e0f38b87ab34cddfc27082c7892bcaec267ff5d40f160fdf55b44a,moved
scripts\memory\cassandra_kg_backend\correctness\tests\test_semantics.py,D:\memorytable\cassandra-kg-memory\03_src\memory\cassandra_kg_backend\correctness\tests\test_semantics.py,7d7b44eb29a36f8f2afc62014243f62807cfebe24c9a441053ef23e8d056e0b4,moved
scripts\memory\cassandra_kg_backend\correctness\c0bench\executors\base.py,D:\memorytable\cassandra-kg-memory\03_src\memory\cassandra_kg_backend\correctness\c0bench\executors\base.py,0137c5a334f3f35b06c8939b6d3cd608bf8963e83282da8f4bdb4e58511f7705,moved
scripts\memory\cassandra_kg_backend\correctness\c0bench\executors\cassandra.py,D:\memorytable\cassandra-kg-memory\03_src\memory\cassandra_kg_backend\correctness\c0bench\executors\cassandra.py,130d2935de115c8a939a92c39f3e0f2c7344be2dc55ec9c6fe4dbe698e504a7b,moved
scripts\memory\cassandra_kg_backend\correctness\c0bench\executors\neo4j.py,D:\memorytable\cassandra-kg-memory\03_src\memory\cassandra_kg_backend\correctness\c0bench\executors\neo4j.py,b48049d1b1e91a279b2eb0656fc9a707f626ad2bbfaff0a1191d3fe1299d9b68,moved
scripts\memory\cassandra_kg_backend\correctness\c0bench\executors\__init__.py,D:\memorytable\cassandra-kg-memory\03_src\memory\cassandra_kg_backend\correctness\c0bench\executors\__init__.py,25d2a44377765d81c0f0a7bc38317075f6f71f7882d9ccb648fc105a093ff80e,moved
scripts\memory\archive_legacy\failed_fusion\locomo_retrieval_fusion_bm25_dense.py,D:\memorytable\cassandra-kg-memory\03_src\memory\archive_legacy\failed_fusion\locomo_retrieval_fusion_bm25_dense.py,af8c9861361d44ba026e7bf38f2f97a361531b8308552d0c34046d0237734c6e,moved
scripts\memory\archive_legacy\failed_fusion\locomo_retrieval_fusion_bm25_dense_v2.py,D:\memorytable\cassandra-kg-memory\03_src\memory\archive_legacy\failed_fusion\locomo_retrieval_fusion_bm25_dense_v2.py,2cc4040ee4340fd70cc5d16a491a7cf0c89b76b3ba886a3e45f2eac09672d632,moved
scripts\memory\archive_legacy\kg_aware_rrf_legacy\locomo_retrieval_kg_aware_fusion.py,D:\memorytable\cassandra-kg-memory\03_src\memory\archive_legacy\kg_aware_rrf_legacy\locomo_retrieval_kg_aware_fusion.py,fdf7c550b99f3a0cd060d529d4d52aa20c366da3fbfa42e74c2d299400f19540,moved
scripts\memory\archive_legacy\kg_aware_rrf_legacy\locomo_retrieval_kg_aware_fusion_v2.py,D:\memorytable\cassandra-kg-memory\03_src\memory\archive_legacy\kg_aware_rrf_legacy\locomo_retrieval_kg_aware_fusion_v2.py,ed7a997b38bf574673e1f9cecf59494b4cff9a4c8377302063e9c9ab50379208,moved
scripts\memory\archive_legacy\layerB_debug\benchmark_cassandra_internal_ablation.py,D:\memorytable\cassandra-kg-memory\03_src\memory\archive_legacy\layerB_debug\benchmark_cassandra_internal_ablation.py,e4f3048d9aff14c56af1d6c73433d16055c930a2767abcd1d62c528cd8be8488,moved
scripts\memory\archive_legacy\layerB_debug\benchmark_cassandra_internal_ablation_no_truncate.py,D:\memorytable\cassandra-kg-memory\03_src\memory\archive_legacy\layerB_debug\benchmark_cassandra_internal_ablation_no_truncate.py,4463e4cf2af9af1769a128e279ce88b26e60f871cfe586eb5e8fd4475b011710,moved
scripts\memory\archive_legacy\layerB_debug\benchmark_cassandra_internal_ablation_no_truncate_v2.py,D:\memorytable\cassandra-kg-memory\03_src\memory\archive_legacy\layerB_debug\benchmark_cassandra_internal_ablation_no_truncate_v2.py,ab377b1040cb21d03c55497717d04160f72163a518c8d01343d7495620403096,moved
scripts\memory\archive_legacy\layerB_debug\benchmark_cassandra_internal_ablation_no_truncate_v3_controlled.py,D:\memorytable\cassandra-kg-memory\03_src\memory\archive_legacy\layerB_debug\benchmark_cassandra_internal_ablation_no_truncate_v3_controlled.py,9239f25e22f75d28932d7e83ea59380a2fcd7eca9b21217c3f18a46cfe23ac07,moved
scripts\memory\archive_legacy\layerB_debug\diag_cassandra_read.py,D:\memorytable\cassandra-kg-memory\03_src\memory\archive_legacy\layerB_debug\diag_cassandra_read.py,9521ee6def0f438036f05b23b72af8152fc489e4e6a0407846c7080cd35e633e,moved
scripts\memory\archive_legacy\layerB_debug\diag_cassandra_read2.py,D:\memorytable\cassandra-kg-memory\03_src\memory\archive_legacy\layerB_debug\diag_cassandra_read2.py,7a8b99f3a5f522815e3e37d2223311fa48855415be9d9f99c90780c654ac3b2f,moved
scripts\memory\archive_legacy\minilm_dense\locomo_retrieval_dense.py,D:\memorytable\cassandra-kg-memory\03_src\memory\archive_legacy\minilm_dense\locomo_retrieval_dense.py,c8b6f59019fc4f2270c79f5192577979842fa45aa734b05631a722e419bcbdcf,moved
scripts\memory\archive_legacy\minilm_dense\locomo_retrieval_dense_onnx_local.py,D:\memorytable\cassandra-kg-memory\03_src\memory\archive_legacy\minilm_dense\locomo_retrieval_dense_onnx_local.py,41ef663852b2a416220bc871a94beef52589d5f48c846f664117dc783111987d,moved
scripts\memory\archive_legacy\old_kg_extraction\observation_to_kg.py,D:\memorytable\cassandra-kg-memory\03_src\memory\archive_legacy\old_kg_extraction\observation_to_kg.py,4a2138288a146356194e41880e21e8eaa2a42c7a1125eb49620d0cb8c676715c,moved
scripts\memory\archive_legacy\old_kg_extraction\observation_to_kg_extended.py,D:\memorytable\cassandra-kg-memory\03_src\memory\archive_legacy\old_kg_extraction\observation_to_kg_extended.py,99eebfc2f10c70dface2259470648c21358dacc0d50673dc0cba82b67fda7393,moved
scripts\memory\archive_legacy\reader_pilots\audit_llm_reader_pilot.py,D:\memorytable\cassandra-kg-memory\03_src\memory\archive_legacy\reader_pilots\audit_llm_reader_pilot.py,f784a5032fdfe59d7f1e3a271b42efefd741c7408ed22300950de5e03a2d2e18,moved
scripts\memory\archive_legacy\reader_pilots\audit_llm_reader_v2_errors.py,D:\memorytable\cassandra-kg-memory\03_src\memory\archive_legacy\reader_pilots\audit_llm_reader_v2_errors.py,a6cd95ea4814bb4e85f93adcbf1cfbf18e55376dd46891e24d949aff87a6b563,moved
scripts\memory\archive_legacy\reader_pilots\locomo_llm_reader_pilot.py,D:\memorytable\cassandra-kg-memory\03_src\memory\archive_legacy\reader_pilots\locomo_llm_reader_pilot.py,20f5d9349186d7c6374aa955f08ad69d8cd24c608b2579c15ff8e4bdcbade3c1,moved
scripts\memory\archive_legacy\reader_pilots\locomo_llm_reader_pilot_v2.py,D:\memorytable\cassandra-kg-memory\03_src\memory\archive_legacy\reader_pilots\locomo_llm_reader_pilot_v2.py,6a933c502dbe3c12b1109b74aaadcb0e96f7389d2b12529c02803be7cafb9397,moved
scripts\memory\archive_legacy\reader_pilots\locomo_llm_reader_pilot_v3.py,D:\memorytable\cassandra-kg-memory\03_src\memory\archive_legacy\reader_pilots\locomo_llm_reader_pilot_v3.py,4a5a6d68b1153039fe7bc77ceb1ea90623f53f674d0e8020ab3d4e77207a0f0d,moved
scripts\memory\archive_legacy\reader_pilots\locomo_llm_reader_pilot_v3_plus.py,D:\memorytable\cassandra-kg-memory\03_src\memory\archive_legacy\reader_pilots\locomo_llm_reader_pilot_v3_plus.py,6d2fa9bb38593b700067904d370bc1db337c6d8c3e92f1aa6b64ba62e3850da5,moved
scripts\memory\archive_legacy\reader_pilots\reevaluate_llm_reader_v2.py,D:\memorytable\cassandra-kg-memory\03_src\memory\archive_legacy\reader_pilots\reevaluate_llm_reader_v2.py,03bcb2b0d1a6dc8c26dfccb7fdf6da32d9531242ce64945e7eb7425ca6936525,moved
scripts\experiments\generate_memory_summaries.py,D:\memorytable\cassandra-kg-memory\04_experiments\generate_memory_summaries.py,9a0f2794d6909d94b350324e2768e4a9119498eabdf030dd5df49a2f5b125ef7,moved
scripts\experiments\run_p3_raw_representations.py,D:\memorytable\cassandra-kg-memory\04_experiments\run_p3_raw_representations.py,bbf74c350eaa7b18c361b1f9a825e588bd2e5043a65d71ddbcdfe76d7fa802fd,moved
scripts\experiments\run_p5_1_v2.py,D:\memorytable\cassandra-kg-memory\04_experiments\run_p5_1_v2.py,ad0f3a582ddbb4fce7a3047fc96f0a1678cca071eefb4344a6ff94d78450f046,moved
scripts\experiments\run_p5_2_hot.py,D:\memorytable\cassandra-kg-memory\04_experiments\run_p5_2_hot.py,4de8c587fdb55a89869499eafe4728007a5dbb15325723e011ea65abbcd9b855,moved
scripts\experiments\run_p5_3a_smoke.py,D:\memorytable\cassandra-kg-memory\04_experiments\run_p5_3a_smoke.py,7a7b17e0f0d2f098ac77446f0153bd7c953649d80b766a820387b1f2277b0dc8,moved
scripts\experiments\run_p5_3b_burst.py,D:\memorytable\cassandra-kg-memory\04_experiments\run_p5_3b_burst.py,d5d30cfb8190a6261014f447f65492f0e27342dce047d35d1864ac3f6965edfc,moved
scripts\experiments\run_p5_3c_restart.py,D:\memorytable\cassandra-kg-memory\04_experiments\run_p5_3c_restart.py,6a98f5d360eda832df3bc7252df6305543cf80c4d841b66f563356aab6d11242,moved
scripts\experiments\p5_3c\p5_3c_config.example.json,D:\memorytable\cassandra-kg-memory\04_experiments\p5_3c\p5_3c_config.example.json,ac79213e5f75da877bda5c7fe557ca3a724105efdbc0638ca349a44f6c046a5c,moved
scripts\experiments\p5_3c\p5_3c_config.json,D:\memorytable\cassandra-kg-memory\04_experiments\p5_3c\p5_3c_config.json,8222a1d4741d63771cae99f12d63982726e607160b206e974fd0b17a8f1e688e,moved
scripts\experiments\p5_3c\p5_3c_config.smoke.json,D:\memorytable\cassandra-kg-memory\04_experiments\p5_3c\p5_3c_config.smoke.json,415f040b633b7b46496af9c1b5d60f13f2597f301f79adf7b381f7899bed4245,moved
scripts\experiments\p5_3c\README_P5_3C.md,D:\memorytable\cassandra-kg-memory\04_experiments\p5_3c\README_P5_3C.md,5f6f5ac7204c010eda273a13018048ed6d660ef299c22d97bd89d5fef5ed3355,moved
scripts\experiments\p5_3c\requirements.txt,D:\memorytable\cassandra-kg-memory\04_experiments\p5_3c\requirements.txt,c2d292b7f1d34f90fdf847a39d5c85fc64a6f172868ae29bf0fad382e0f2bfcf,moved
scripts\experiments\p5_3c\run_p5_3c_restart_only.py,D:\memorytable\cassandra-kg-memory\04_experiments\p5_3c\run_p5_3c_restart_only.py,576f2dcf0ed46f4e655f7bd6dcc6f7f6ef0ea743767664d39b7a959f2478224b,moved
scripts\experiments\merge_config.example.json,D:\memorytable\cassandra-kg-memory\04_experiments\merge_config.example.json,a5acb5aab4e45d2cba931e14aa900b05bf9f8dca01ffc1ab4d0b0a50d93ed662,moved
scripts\experiments\merge_config.json,D:\memorytable\cassandra-kg-memory\04_experiments\merge_config.json,ffe103452fd120dec231936568f77d95f5996547b03dfa3f96c773dd96e51ae1,moved
scripts\experiments\p3_config.example.json,D:\memorytable\cassandra-kg-memory\04_experiments\p3_config.example.json,9912c346438e077fb4b5f143dbf1ba55299a06f01b41dec26964f9c1bd9cb0e3,moved
scripts\experiments\p3_config.json,D:\memorytable\cassandra-kg-memory\04_experiments\p3_config.json,ce8403647cf2b3b2ffd7641ce817ffa829ed6a365d9ba6aa17fa5eb598abde66,moved
scripts\experiments\summary_config.example.json,D:\memorytable\cassandra-kg-memory\04_experiments\summary_config.example.json,6fad20460112f65c71e48aed6b405b3d66c272c0a44cfbcd6000c7bff5c3420e,moved
scripts\experiments\README_P3.md,D:\memorytable\cassandra-kg-memory\04_experiments\README_P3.md,a996cb9a91fc1ed570f54dfa7ad12e1e440ef521d3245a656bbc3c4bf54b4d5f,moved
reports/p3_reader_alignment,D:\memorytable\cassandra-kg-memory\05_reports\p3_reader_alignment,ERROR,moved
reports/p4_full5,D:\memorytable\cassandra-kg-memory\05_reports\p4_full5,ERROR,moved
reports/p5_minimal_core,D:\memorytable\cassandra-kg-memory\05_reports\p5_minimal_core,ERROR,moved
results\system\layerB_B1_100K_hop4_controlled.log,D:\memorytable\cassandra-kg-memory\05_reports\system\layerB_B1_100K_hop4_controlled.log,4b75cc92f99d6cb1dbf34d5400323f6c29b38aaed3cf301b91b9def066613296,moved
results\system\layerB_B2_selectivity_graph.log,D:\memorytable\cassandra-kg-memory\05_reports\system\layerB_B2_selectivity_graph.log,23fe97f41b01ce21655d2f557c40d9ba842ee9d08c794bf0772d9014bde627fe,moved
results\system\layerB_B3_cache_graph.log,D:\memorytable\cassandra-kg-memory\05_reports\system\layerB_B3_cache_graph.log,89e8cd2e938822f48bc9d3192ee29b12afa3cea4a34e68dfd018ff5b0f61331c,moved
results\system\layerB_cache_effective_latency.csv,D:\memorytable\cassandra-kg-memory\05_reports\system\layerB_cache_effective_latency.csv,e75e542e126442bb9ec2a4e881acc36a25524dcf7565dc19bb957ee14a0e6d9c,moved
results\system\layerB_cassandra_internal_ablation_summary.csv,D:\memorytable\cassandra-kg-memory\05_reports\system\layerB_cassandra_internal_ablation_summary.csv,8657fb21234bb917379b523a564999da36b740c060bc36442cf47af8a25ba9da,moved
results\system\layerB_graph_config.json,D:\memorytable\cassandra-kg-memory\05_reports\system\layerB_graph_config.json,2800e781010a6fea55e26d15e162b1705e59c36ede20267bedab9666f758895e,moved
results\system\layerB_parallel_worker_sweep.csv,D:\memorytable\cassandra-kg-memory\05_reports\system\layerB_parallel_worker_sweep.csv,9d1a2793d37cedd3aac21b635c6f3632c42ea913d0b2719aa8e40a13be70c64d,moved
results\system\layerB_relation_index_characterization.csv,D:\memorytable\cassandra-kg-memory\05_reports\system\layerB_relation_index_characterization.csv,bb23b852d3ef58590157c9911e9dccf5e20d580fcdd17a6c49f493b3624217c7,moved
results\system\raw_latency_logs,D:\memorytable\cassandra-kg-memory\05_reports\system\raw_latency_logs,ERROR,moved
reports\sysaxis_scale_sweep_final\scale_100k,D:\memorytable\cassandra-kg-memory\05_reports\sysaxis\scale_100k,ERROR,moved
reports\sysaxis_scale_sweep_final\scale_100k_legacy,D:\memorytable\cassandra-kg-memory\05_reports\sysaxis\scale_100k_legacy,ERROR,moved
reports\sysaxis_scale_sweep_final\scale_100k_legacy_clean,D:\memorytable\cassandra-kg-memory\05_reports\sysaxis\scale_100k_legacy_clean,ERROR,moved
reports\sysaxis_scale_sweep_final\scale_sweep_supporting_100K_to_1M.json,D:\memorytable\cassandra-kg-memory\05_reports\sysaxis\scale_sweep_supporting_100K_to_1M.json,ee533d1df6f733c8b64156467de51d814da63b65fd290a8e1e389ec6c58a89b5,moved
reports\sysaxis_scale_sweep_final\scale_sweep_supporting_100K_to_1M_cold_warm.csv,D:\memorytable\cassandra-kg-memory\05_reports\sysaxis\scale_sweep_supporting_100K_to_1M_cold_warm.csv,d57f8b916ae0ed52ea771f7d4900fc8f55ad84dc2009e39d16d4f073c77ede8d,moved
reports\sysaxis_scale_sweep_final\scale_sweep_supporting_README.md,D:\memorytable\cassandra-kg-memory\05_reports\sysaxis\scale_sweep_supporting_README.md,44db30bc3a27de5b8bee924eb44a23c1a745e8d444312efa76e873b5dad4cc3c,moved
_archive_20260709,D:\memorytable\cassandra-kg-memory\09_archive\legacy_100k_archive,ERROR,moved
